epoch,lr,alpha,train_loss,val_iou,val_precision,val_recall,val_positive_frac,val_soft_cldice,ema_iou,ema_precision,ema_recall,ema_positive_frac,ema_soft_cldice,epoch_min
0,0.00020030075187969925,0.5,0.6944855681935648,0.1218241740182294,0.3011951540038218,0.16982412425110002,0.026505936895098003,0.2376829424074718,0.11913791732231588,0.2889507287994232,0.16855346130672663,0.027422411101205007,0.22437709899885314,4.937779176235199
1,0.00040030075187969926,0.4548151942942468,0.5047338655568603,0.34331076494190244,0.5234819060951607,0.4993690156470208,0.04484475680759975,0.5269574012075152,0.33583859315155623,0.5373113385549096,0.4724775913250048,0.04133776256016323,0.5130486398935318,4.71103564898173
2,0.0006003007518796992,0.4360990349577306,0.4326363607008654,0.3624751613275031,0.605758616312681,0.4743861940130894,0.03681494849068778,0.5586067425353186,0.412233762349566,0.5947971717660162,0.5732095447667784,0.045303971426827565,0.6276672427143369,4.709747103850047
3,0.0008003007518796993,0.4217376207875074,0.39848686331196836,0.40914665595114286,0.6306495048650748,0.5380843868576732,0.04011013167245048,0.6185846975871495,0.4474280631403171,0.6127651555076287,0.6238110266707355,0.04785758086613246,0.6637388748782022,4.702520585060119
4,0.001,0.40963038858849365,0.3841334179379886,0.4286710537543811,0.6471659767512169,0.5594116434979702,0.04063568455832345,0.6350800343922206,0.4678846884200504,0.6342334470974097,0.6407905844875659,0.047496185983930315,0.6834282376936504,4.69787806669871
5,0.0009998983290960839,0.3989637028918155,0.36802584903132646,0.4489020537799221,0.6222123714988311,0.617097625574508,0.046623727253505165,0.6633449392659324,0.48190771440875346,0.6318671445264336,0.6700280041419351,0.0498492853982108,0.7030908252511706,4.690199434757233
6,0.0009995933581498817,0.3893202818941067,0.3587847126381738,0.46310254740778994,0.6434361497400474,0.622977973726591,0.04551546573638916,0.6795427892889295,0.49490366698952437,0.6334906713113536,0.6934620196541953,0.05146052496773856,0.717444429227284,4.689406816164652
7,0.0009990852124408755,0.3804522410638047,0.341091896380697,0.4444220934262929,0.6139882739701207,0.6167442772349191,0.04722117696489606,0.6707451054028102,0.5086069264441413,0.65526745874962,0.6944152704444291,0.04981870310647147,0.7281649581023625,4.68554660876592
8,0.0009983741007110187,0.3721980699154612,0.3400122281752135,0.49043310653981925,0.6245227089443816,0.6955112516486449,0.052353736332484656,0.7054344671113151,0.5156326225896893,0.6520743560157981,0.7113398372032836,0.051282804352896554,0.7368634930678777,4.693659150600434
9,0.000997460315078988,0.3644455828827404,0.3310812561807776,0.4812146137660213,0.7355780692882088,0.5818690062282625,0.03718674864087786,0.6945906958409718,0.5221005392977411,0.6576459797113461,0.7169666758535785,0.051250553131103514,0.7421800221715654,4.689612921079
10,0.000996344230920182,0.3571130983376479,0.32801407712294645,0.4839905100917582,0.6559548178042491,0.6486510454386981,0.046486725125994,0.7134212515183858,0.5271320963849343,0.662467748895016,0.7206946203820189,0.051142069271632604,0.7517072728702,4.681584731737773
11,0.0009950263067125206,0.35013895324890687,0.32494835626137886,0.5056152778785,0.7041065990755215,0.6420344401968259,0.042865872383117676,0.7050176684345518,0.5307282665832204,0.6667889536649546,0.7222936357305376,0.05092337131500244,0.7529544149126325,4.682889902591706
12,0.0009935070838481073,0.34347524157501474,0.31624649754144196,0.49759460657612653,0.6650510423077478,0.6639999988407681,0.046935868263244626,0.7166876401220049,0.5342021593876817,0.6719815608343302,0.7226402460353547,0.050554118837629045,0.7567760646343231,4.689908083279928
13,0.0009917871864108282,0.33708386615602903,0.3159692230529355,0.5219610350479101,0.6512676509159254,0.7244356787200689,0.05229161807468959,0.7498593138796943,0.5358951405169123,0.6702765004173687,0.7277410832615333,0.05104046889713832,0.7590349955218179,4.692438753445943
14,0.0009898673209199848,0.33093393796112325,0.30723277099598617,0.5103810706905971,0.7028336453348201,0.6508261989861938,0.04353156089782715,0.7259031670434134,0.5402423894335174,0.6752463157206108,0.7298844303868268,0.050814029148646765,0.7605516919067927,4.681008509794871
15,0.0009877482760400611,0.325,0.31374405620241524,0.5092907215885513,0.6437190977504921,0.7091985187336203,0.05179205962589809,0.7341426232031414,0.542909782942737,0.6778166509175642,0.7317422442321697,0.05075018746512277,0.7619947390896934,4.684337091445923
16,0.0009854309222567478,0.31926077717698725,0.311852691608264,0.5220726099552702,0.6902790269586121,0.6817781224560295,0.04643122468675886,0.7357677510806493,0.5455609491063051,0.6788380063732543,0.7353642639559189,0.05092465877532959,0.7680474145071847,4.689167447884878
17,0.0009829162115193534,0.31369827340216805,0.3150828757904526,0.5210756344307327,0.68637734946312,0.6839090802915815,0.04684111050197056,0.7551865347794124,0.5471801051786536,0.6777005958068152,0.7396592177330004,0.051308056286403114,0.7696378435407366,4.680538495381673
18,0.0009802051768497513,0.3082971048731919,0.303537428457486,0.5341638219326867,0.704526554284801,0.6883771943170979,0.045932582446507046,0.7538881914956229,0.5502315802964847,0.6787185423355286,0.7440189435862747,0.051533072335379466,0.7748366722038814,4.689701561133067
19,0.0009772989319180242,0.3030439981451018,0.3036744138239918,0.5326717329472833,0.6717122463257994,0.7201518100969667,0.05040023326873779,0.7611348007406508,0.5510278392367399,0.6785541854115096,0.7456739643205843,0.05166021415165493,0.7736366701977594,4.682014254728953
20,0.000974198670584977,0.29792740578363097,0.30597687524960454,0.4971478010418624,0.6239868749554539,0.7097854522786293,0.05347408907754081,0.7241601152079445,0.5514938986498029,0.6796437703757024,0.7452133145885552,0.05154553140912737,0.7776761889457703,4.67291841506958
21,0.0009709056664117092,0.2929372075915134,0.30401046285055633,0.5257879098799945,0.6696617383111423,0.7099165179227377,0.049836042949131555,0.7491116353443691,0.5541404870005122,0.6836430834409817,0.7452425851912196,0.05124600274222238,0.7816383370331356,4.671809995174408
22,0.0009674212721364464,0.2880644752131756,0.3053333767374655,0.5374999657891619,0.7011629716653255,0.697222060412785,0.04674594061715262,0.7618679817233767,0.5551095283868753,0.6798840494825504,0.7515365617359031,0.05196453162602016,0.7823366131101336,4.69572049776713
23,0.0009637469191188476,0.2833012844215884,0.307193882180784,0.532090652467628,0.6909040783709682,0.6983239826799178,0.04751502445765904,0.7679168918303081,0.5556902137366458,0.6767067816319225,0.7565332854570603,0.052555632591247556,0.7869127810001373,4.665623172124227
24,0.0009598841167520141,0.27864056378821345,0.30035796324561415,0.5425374338224809,0.6747746880823791,0.7346380052403072,0.05118071692330497,0.7669518232345581,0.556643479902455,0.675278913922112,0.7601022703264773,0.052915218898228235,0.7897486141749791,4.680004060268402
25,0.0009558344518424443,0.274075971471234,0.2978390473284219,0.53874286030275,0.653734543240914,0.753863429743743,0.054210448265075685,0.7701375229018075,0.5583159663320787,0.678801767838889,0.758773500888696,0.052548575401306155,0.789467213835035,4.683922135829926
26,0.0009515995879581862,0.26960179398846584,0.3004545572668986,0.5208780826389137,0.718397038041034,0.6545157439616339,0.04282992567334856,0.7286180436611176,0.5605825008346553,0.6840537221561536,0.7564380835464145,0.05198462690625872,0.7899844365460532,4.684850017229716
27,0.0009471812647454583,0.26521286236252206,0.2967436648961297,0.5353501354523914,0.6826474212833803,0.7127322919374559,0.049081942013331825,0.7638747044972011,0.5608218229891571,0.6836410092747488,0.7573798144707483,0.05208076749529157,0.7902171977928707,4.6870870113372805
28,0.0009425812972140173,0.2609044821276094,0.30515352234356385,0.5378605321031115,0.6583294498940444,0.7461451920426851,0.05328093256269183,0.7724486308438437,0.5608889439870565,0.6822783748541963,0.7591822749981814,0.052308974947248184,0.7941133005278451,4.672702598571777
29,0.0009378015749915682,0.25667237449616753,0.29117169872038345,0.5487535043494841,0.7131970410673972,0.7041386893319665,0.046413084438868935,0.775557256596429,0.5625810533110794,0.6851597896270737,0.758720683390324,0.052057320731026785,0.7961336663791112,4.674585461616516
30,0.0009328440615475202,0.25251262658470836,0.291530284509623,0.5210389402258203,0.6339172286472391,0.7452956924975387,0.05526978969573974,0.7685576945543289,0.5635292526069121,0.6870570221170488,0.7581228095953092,0.051872662135532925,0.7993530545915876,4.674186432361603
31,0.0009277107933864107,0.24842164905010872,0.2941984697392112,0.531031244862185,0.7254453005494991,0.6645999012914131,0.04306727136884417,0.7730657117707389,0.5645284127316896,0.6872373064579829,0.7597118265696504,0.05196775027683803,0.8006691489900861,4.669592614968618
32,0.0009224038792113267,0.2443961398309225,0.29027183327011596,0.547064123476608,0.7021347791320437,0.7123972014985388,0.04769726480756487,0.781962844303676,0.5655846618197421,0.6873238928212911,0.7615196485441063,0.052084851264953616,0.8029532730579376,4.671173210938772
33,0.0009169254990576669,0.2404330529516518,0.28745582354696175,0.5386910406036443,0.7006550887741123,0.6997333187270127,0.04694831711905343,0.7636782377958298,0.5643879372405739,0.686199707855289,0.7607286177523016,0.052115988731384275,0.8029738673142024,4.6775752623875935
34,0.0009112779033976019,0.2365295715518217,0.2873714230114356,0.5393422154646326,0.6712266726946281,0.7329762464712258,0.051334868158612934,0.776872604233878,0.5658660547802592,0.6886245699599595,0.7604374332173811,0.05191259384155274,0.8017679120813097,4.670134651660919
35,0.000905463412215599,0.23268308446090935,0.28452091680881675,0.5443990701150407,0.7089397518917576,0.7010996907459395,0.04649028437478202,0.7544547689812524,0.5655612942519707,0.6864693040672444,0.7625289771721178,0.052218811852591376,0.802273827791214,4.671286984284719
36,0.0008994844140553929,0.22889116576548085,0.2885250305995009,0.5467488857921916,0.7484379208263757,0.6698475262428341,0.042073818615504674,0.7847665761198316,0.5672661682693735,0.6862326253415827,0.7659260334768752,0.05246953623635428,0.8047607924257006,4.686909147103628
37,0.0008933433650387916,0.22515155691423927,0.2859135790426928,0.5528644639398337,0.7171090135360361,0.7070768347523778,0.046352502277919226,0.7727704929453986,0.5692366021911194,0.6884320803500332,0.7667755330220215,0.052359911373683385,0.8076452476637704,4.683852422237396
38,0.0008870427878567222,0.2214621509860225,0.28409822515975264,0.5529925192837015,0.6937814373339408,0.7315467687718025,0.04956911631992885,0.7806659391948155,0.5691837301506136,0.6888548674110178,0.7661559236309688,0.05228549071720668,0.8072374148028237,4.66817127863566
39,0.0008805852707329314,0.21782097880955076,0.2915524932450818,0.5439638322906938,0.6831466619823359,0.727514525898832,0.05006330013275147,0.7909483679703304,0.5698973489464477,0.6877718180897204,0.7687982475893049,0.05254843235015869,0.8093696475028992,4.663197974363963
40,0.000873973466360765,0.2142261966752959,0.2879749911844282,0.549244194311383,0.6799919917150167,0.7406978169636762,0.051206963402884345,0.7809107576097761,0.5690190155783857,0.6859889741841708,0.7694313330499011,0.05272838728768485,0.8109069202627455,4.658504140377045
41,0.0008672100908134634,0.21067607542179762,0.2884036056193194,0.552242088673067,0.7056990412947608,0.7174808676038475,0.04779500961303711,0.7797295229775565,0.5694057465015911,0.6872701325572024,0.7685302476901581,0.052568459510803224,0.8072677629334586,4.672499930858612
42,0.000860297922428422,0.2071689907130736,0.27706418678276523,0.5561048889430003,0.6982593743672038,0.7320165474541676,0.04928285734994071,0.7935692174094063,0.5699315449342429,0.687911015582323,0.7686865990776571,0.05253016948699951,0.8102366030216217,4.672434254487356
43,0.0008532398006658743,0.20370341435199313,0.27999568854955803,0.5542233253496098,0.7196626925419636,0.7068202098151575,0.046171259880065915,0.7871835725648063,0.5726947221913675,0.6937016836280964,0.7665248491477182,0.05194517884935652,0.8106817015579768,4.675629989306132
44,0.0008460386249424649,0.20027790649781368,0.2870283297578195,0.5461939364649901,0.6595070639064676,0.760706447444343,0.054223731585911344,0.796872341632843,0.5721664046077631,0.691317226704131,0.7685040200709391,0.05225893088749477,0.8130673442568098,4.668081597487132
45,0.0008386973534401939,0.1968911086754465,0.2841799711822567,0.5572266650932215,0.6844108359592717,0.7499112463161787,0.05150919301169259,0.7935498033251082,0.5738039475664503,0.6928373482274278,0.7695768890913679,0.05221706799098424,0.8144897137369428,4.662680590152741
46,0.0008312190018912213,0.19354173748018044,0.28422105782910395,0.5544490535532641,0.7145973219500725,0.7121478942119845,0.046849025998796735,0.7893966555595398,0.5743091162721065,0.6942292629040662,0.7687717301621387,0.05205785206386021,0.8119750440120697,4.675562059879303
47,0.0008236066423390288,0.19022857889512573,0.2796962550035993,0.5619182295119121,0.7197827482663327,0.7192639109988201,0.04697627680642264,0.8007809468678065,0.5757618185153118,0.6971562388142847,0.7677952222841444,0.05177344254084996,0.8132078468799591,4.67692730029424
48,0.0008158634018764514,0.1869504831500295,0.286239930808096,0.5459268135986001,0.6373496585114635,0.7919224584060388,0.058411271231515065,0.7991636540208544,0.5752496172289719,0.6941536346433334,0.7705510785057849,0.05218402658190046,0.8160852432250977,4.678626509507497
49,0.0008079924613610932,0.18370636005972768,0.2853189851780583,0.5596629219010114,0.6878988720709239,0.7501381659388139,0.05126351969582694,0.8002741707222802,0.5759550187412925,0.6924287154669586,0.7739610312641915,0.05254553045545306,0.8159946824823107,4.675832581520081
50,0.0007999970541086587,0.18049517478865312,0.28552767270265667,0.5577974415437865,0.6704596101361392,0.7684910511653031,0.05388376712799072,0.8040714468274798,0.5765825416749286,0.6934508369970716,0.7738178661382887,0.05245837484087263,0.8169576755591801,4.681497840086619
51,0.000791880464564734,0.17731594399474898,0.28121093936208497,0.550481421220929,0.7007554798480503,0.7196520362920695,0.04827783788953509,0.785884862286704,0.5765612625807559,0.6948805450512517,0.7720071460843613,0.05222794328417097,0.815908465215138,4.6763674974441525
52,0.0007836460269555644,0.17416773231205807,0.2845534677456196,0.5428233470134217,0.6294531377332397,0.797741222369348,0.05957861287253244,0.803275865316391,0.5757118170229171,0.6943666630566824,0.771117725494492,0.052206380026681085,0.8168008250849588,4.671742173035939
53,0.0007752971239183817,0.17104964913632736,0.2861746514986332,0.5610000607954744,0.6998321278554445,0.7387614651646499,0.049625182151794435,0.800970106465476,0.576335412244686,0.6946678468049412,0.7718647054783264,0.05223429543631417,0.8182243917669568,4.682749350865682
54,0.0007668371851118465,0.16796084568232023,0.2824013306906349,0.5641245526910358,0.6996725818228771,0.7443698285583126,0.05001331738063267,0.8113140208380563,0.5770746902219817,0.6948900911182132,0.7729161287106646,0.05228871958596366,0.8194317247186388,4.675712919235229
55,0.0007582696858071733,0.1649005122852817,0.282610916587195,0.5711058450287855,0.7147866146741418,0.7396613912926042,0.048646129880632674,0.8061233980315072,0.5777295302151488,0.6956190636355132,0.7731886930849794,0.05225234372275216,0.8181448612894331,4.665934403737386
56,0.0007495981454605178,0.16186787592224644,0.2751944864602914,0.560567476729762,0.676516190853126,0.7658461189354425,0.05321757452828543,0.8060273051261901,0.5777201571321725,0.6962731692890615,0.772365421159052,0.05214767115456717,0.8193368068763188,4.677923583984375
57,0.0007408261262672153,0.15886219793168632,0.27841572830999706,0.5552875591193787,0.650688747391316,0.7911169372168756,0.05715564659663609,0.8118588779653821,0.5794522857178334,0.6972308260416982,0.7742800373620404,0.052205136844090054,0.8204821382250105,4.672896019617716
58,0.0007319572316984598,0.15588277191243877,0.2720547066371244,0.5664328317359524,0.6791230141664397,0.7734268427655676,0.05353804997035435,0.8088205363069262,0.5809344914813249,0.6979711289578429,0.7760116398463901,0.05226639338902065,0.8211139457566398,4.665782550970714
59,0.000722995105021029,0.15292892178498463,0.28175150048463865,0.5429693330275034,0.6380523805545596,0.7846490034519024,0.05781104905264718,0.7893573999404907,0.5793993740829564,0.6946506450916419,0.7773917777428075,0.05260963099343436,0.8227630393845694,4.671012624104818
60,0.0007139434278006618,0.15000000000000002,0.2807043636203709,0.5427511964512883,0.6264918981664808,0.8023911184297277,0.06020913805280413,0.8078996683870043,0.5791313040931815,0.6923979108629094,0.7797466122175495,0.05294067859649658,0.8247557469776698,4.6782866477966305
61,0.0007048059183897014,0.15000000000000002,0.2730519228523835,0.5587457109933758,0.6589553916771022,0.7860587742109181,0.05607777323041643,0.8129686287471226,0.5792708022519741,0.6911183191010694,0.7816297842582698,0.0531667913709368,0.8267865581171853,4.6777564764022825
62,0.0006955863303996278,0.15000000000000002,0.26523024857716454,0.5678352643708966,0.6867658308343598,0.766298943852898,0.052454325131007604,0.814520834173475,0.5784319514362162,0.6900723289264264,0.7814402498608196,0.05323446818760463,0.8258452211107526,4.671568556626638
63,0.0006862884511591068,0.15000000000000002,0.2687153618362613,0.5653495868882662,0.6964345561157853,0.7502258328428333,0.050641138213021415,0.8079466300351279,0.5788839945346388,0.6908676315453103,0.7812460060842279,0.053159969193594794,0.8239653042384556,4.662595264116923
64,0.0006769161001581861,0.15000000000000002,0.2742141514568401,0.5708157875875909,0.7048230581406651,0.750140919114312,0.050032765524727955,0.8054349175521306,0.5798829813590113,0.6928067274529893,0.7805902431517656,0.05296668325151716,0.8261848722185408,4.665469455718994
65,0.0006674731274792823,0.15000000000000002,0.2671453134793984,0.5544648777768206,0.6468788554511478,0.7951298354093724,0.057783899988446914,0.8155966120106833,0.5813691644877031,0.6965264342867157,0.7785846997053522,0.052548463003976004,0.8257776873452323,4.668566811084747
66,0.000657963412215599,0.15000000000000002,0.2702789591667347,0.5708461841455017,0.7059988203789609,0.7488659815027179,0.049864547593253,0.8148044807570322,0.5820189850805177,0.6980925876986719,0.7777971466089136,0.052377537318638395,0.8286968656948634,4.675585488478343
67,0.0006483908608776287,0.15000000000000002,0.27939446354494957,0.569129687692883,0.711800283635084,0.7395463375375771,0.04884262425558908,0.80753265108381,0.5822795887066972,0.698219059330145,0.7781055022647041,0.0523888111114502,0.8293535045215061,4.665863740444183
68,0.0006387594057883908,0.15000000000000002,0.2768366173245853,0.5611119942072655,0.6754174263851717,0.7682795638158547,0.05347352027893067,0.8052669141973768,0.5824205856978912,0.6981129525643825,0.7784892079867591,0.052422612054007396,0.8294929930141994,4.683489032586416
69,0.0006290730034680667,0.15000000000000002,0.2665200872976977,0.5724243945638362,0.7359146126378777,0.7204080003222664,0.04601960182189942,0.8134198239871434,0.5827227125989348,0.6979670686287534,0.7792108297752162,0.05248217242104666,0.8300866663455964,4.682306365172068
70,0.0006193356330086954,0.15000000000000002,0.2716832617059686,0.5633439520390866,0.6759347876339123,0.7717944270511374,0.05367704459599086,0.8074860717569079,0.5847211097595768,0.6995748458741639,0.7807757926899422,0.052466719491141185,0.8323443770408631,4.701361473401388
71,0.0006095512944395957,0.15000000000000002,0.27344132155404055,0.5742497217988454,0.6973742456795253,0.7648462090657141,0.05155846391405378,0.8202599550996508,0.5842951983882927,0.6988127474253243,0.7809661965112339,0.05253674643380302,0.8320561170578002,4.702422714233398
72,0.0005997240070841877,0.15000000000000002,0.27224260892410923,0.5763640811494256,0.7077574464288571,0.7563718624304858,0.05023919514247349,0.816853232894625,0.5841590180836379,0.6977232417562529,0.7820873185548668,0.05269432067871094,0.8319126733711788,4.707908693949381
73,0.0005898578079088896,0.15000000000000002,0.27024464516487334,0.5691752098159769,0.7053609828463988,0.7467064051323827,0.049765709468296594,0.8167312255927495,0.5843886839840838,0.6965066030582991,0.7840349728638327,0.05291782106672015,0.8334649571350643,4.679723219076792
74,0.0005799567498647654,0.15000000000000002,0.26228596453828024,0.5561865119339984,0.6383923264356705,0.8120025989976701,0.05979453836168561,0.8133925582681384,0.5839397245671513,0.6972030297336682,0.7823482906112947,0.05275123459952218,0.8332333045346396,4.67884613275528
75,0.0005700249002226075,0.15000000000000002,0.2602581029771862,0.5738358678970447,0.6970005822284587,0.7645613278536446,0.05156689030783517,0.8203035763331822,0.5853686363457182,0.6985284990672392,0.7832421307723584,0.052711292675563265,0.8331658584730965,4.687166587511698
76,0.0005600663389021358,0.15000000000000002,0.2590658149436901,0.579027567451959,0.7083540317137327,0.7602770245186217,0.05045605046408517,0.8167181364127568,0.5855286816749871,0.6988966001108993,0.7830660724444517,0.052671687943594794,0.8314395317009518,4.703935245672862
77,0.0005500851567960013,0.15000000000000002,0.2535661227496943,0.5721147980267458,0.6858591781992509,0.7752684998178556,0.05313845702580043,0.8194524765014648,0.5868472771053527,0.6999512014816122,0.7840985857082369,0.05266167436327253,0.8316392651626042,4.696984533468882
78,0.0005400854540892821,0.15000000000000002,0.2539931700529909,0.5662183050904355,0.6722607358568597,0.7821144880499141,0.05469206741877965,0.8169593819550105,0.5879874836482833,0.7002283409708471,0.7857861373846164,0.05275412627628871,0.8316958682877676,4.697319928805033
79,0.0005300713385751627,0.15000000000000002,0.2626661345586741,0.5813301756397938,0.7103036905289738,0.7619951509334278,0.05043126855577741,0.8173012499298368,0.5887768809959131,0.7000571739894161,0.7874130467480505,0.052876274926321847,0.8321130897317613,4.725922914346059
80,0.0005200469239674868,0.15000000000000002,0.2650879769509,0.5725757025325907,0.6745511678365232,0.7911225160198587,0.05513413974217006,0.8208953627518245,0.5898079323956475,0.7025683557370163,0.7860905081811334,0.05259878635406494,0.8326091000011989,4.696756732463837
81,0.0005100163282108775,0.15000000000000002,0.2535745027930217,0.5724451602404927,0.686476943320807,0.7750862106190848,0.05307815415518624,0.8127955632550375,0.5885983625646755,0.6988188381155258,0.788665089531818,0.05305419989994594,0.8324278908116477,4.677634302775065
82,0.0004999836717891227,0.15000000000000002,0.25902907548654347,0.576534330048193,0.6836078973977707,0.7863643042392237,0.05407648767743792,0.8196864025933402,0.5893220527569154,0.7011092168618517,0.7870583942726993,0.05277315207890102,0.8316064102309091,4.685117359956106
83,0.0004899530760325134,0.15000000000000002,0.26182486437317126,0.5672120696119342,0.6614983782506576,0.7991755543518865,0.056794353893824985,0.8163704216480255,0.5900011818741705,0.7009465486839205,0.7884759173943019,0.052880467687334336,0.8352657803467342,4.6838374376297
84,0.0004799286614248373,0.15000000000000002,0.25657805277216705,0.5709193657588283,0.6772311517016126,0.7843382568805477,0.05444502830505371,0.8226165992873056,0.590847093273485,0.7031990628307659,0.7871456989167848,0.05262215137481689,0.8353136811937605,4.674128413200378
85,0.00046991454591071793,0.15000000000000002,0.25755740651174597,0.5891905243002252,0.7177742536092492,0.7668428409177521,0.05022387845175607,0.828836681161608,0.591383494464362,0.7047493553299983,0.7861598447324941,0.05244063309260777,0.8338459278856005,4.663953522841136
86,0.0004599148432039988,0.15000000000000002,0.25890766114444663,0.5720248143202047,0.6764449655078331,0.7874889764302093,0.05472726821899414,0.8284842712538583,0.5920071548194159,0.7066191341818487,0.7849421441904663,0.05222085884639195,0.8319448164531162,4.667640932401022
87,0.0004499336610978644,0.15000000000000002,0.26436883967397806,0.568525379353338,0.6706107847547457,0.7887937642603622,0.05529485089438302,0.8223057057176317,0.5907006239786897,0.7032401063555406,0.7868343727295357,0.05259826864515032,0.8346985621111733,4.672743089993795
88,0.00043997509977739246,0.15000000000000002,0.2551691586249753,0.5822748207637671,0.6857031518036778,0.794252731657258,0.05445206165313721,0.8321162487779344,0.5908536435807082,0.7046131418118297,0.7853929404522916,0.052399604661124095,0.8371086069515773,4.674468632539114
89,0.0004300432501352347,0.15000000000000002,0.2516949551446097,0.5809964374763537,0.6848985644902403,0.7929517837824052,0.05442673478807722,0.8329048131193434,0.5917113060186013,0.7036846741092698,0.7880703311722353,0.052647607667105537,0.8383183104651315,4.6761067907015486
90,0.00042014219209111057,0.15000000000000002,0.24742308986142167,0.5919102803944617,0.712943173043516,0.7771161703850474,0.051241612434387206,0.8301151096820831,0.5922677548269658,0.7049279981508503,0.7875002064881622,0.052516729491097584,0.8381482643740518,4.678147085507711
91,0.00041027599291581243,0.15000000000000002,0.2447819489845656,0.5829603087323689,0.6881559431736598,0.7922526221098539,0.05412134443010603,0.8284253137452262,0.593010208563862,0.7072550678886118,0.7859197388482625,0.05223888329097203,0.8363363887582507,4.670901997884115
92,0.00040044870556040434,0.15000000000000002,0.24281620968105203,0.5812810477258719,0.6920187000922983,0.7841350290575937,0.05326780251094273,0.8247740907328469,0.5942949554204823,0.7082434748633848,0.7869539909597308,0.05223462922232491,0.8360627182892391,4.662728408972423
93,0.0003906643669913045,0.15000000000000002,0.2500327087210533,0.5796103961227589,0.7040955404866246,0.766262935215462,0.051160877091544016,0.8179302598748889,0.5939480053459752,0.7074364979484723,0.787342913224835,0.05232005800519671,0.837035437141146,4.661589495340983
94,0.0003809269965319333,0.15000000000000002,0.24880744623286383,0.5785212063933545,0.6796189283449156,0.7954612307969631,0.05502313205174037,0.8298548911299024,0.5940304824661502,0.7068087371031684,0.7882671832203516,0.052428000313895086,0.837529673746654,4.667882951100667
95,0.00037124059421160944,0.15000000000000002,0.2526500935785304,0.5869405204385055,0.7112670088983949,0.7705297776216677,0.05092704977308001,0.8239520651953561,0.5933418856497872,0.7067507619735824,0.7871270063041922,0.05235646111624581,0.8361235942159381,4.668335374196371
96,0.00036160913912237143,0.15000000000000002,0.25121275114833863,0.5859219365558036,0.700980210178876,0.7811656568308747,0.05238767692020961,0.8305270629269736,0.594623950378798,0.7082441567990131,0.7875301291587077,0.05227282047271729,0.8384449379784721,4.674679740269979
97,0.0003520365877844011,0.15000000000000002,0.24297671083893094,0.5917078932922503,0.7197411979986557,0.7688553397548977,0.05021807125636509,0.8291919950928007,0.5952231028736245,0.7084794549377641,0.7882899331442046,0.052305875505719863,0.8377597885472434,4.6974454919497175
98,0.0003425268725207178,0.15000000000000002,0.2465341118829591,0.5789883005571003,0.671985222097144,0.8070877460215888,0.056461548805236815,0.8303329161235264,0.5951956835757638,0.7066698507187369,0.7904939950344305,0.05258643967764718,0.8381172503743853,4.706423803170522
99,0.00033308389984181404,0.15000000000000002,0.24740995009590808,0.5930148376708516,0.7103033391698027,0.7821976629307523,0.05176836081913539,0.8338336340018682,0.595683664447094,0.7075064817287342,0.790308445496254,0.05251192705971854,0.8372616112232208,4.712738418579102
100,0.00032371154884089327,0.15000000000000002,0.24121795357169962,0.5888909038128088,0.7258267501451017,0.757364527101535,0.049052793639046806,0.8263699965817588,0.5972887743609864,0.712110007899304,0.7874297107050128,0.05198241642543248,0.8383013137749263,4.710211463769277
101,0.0003144136696003721,0.15000000000000002,0.2434090647034179,0.5898877225836773,0.7248714561344338,0.7600615523098997,0.049292349815368654,0.8146146859441484,0.598257981613621,0.714539395198964,0.7861531791497092,0.05172169549124581,0.8403853816645486,4.720750570297241
102,0.0003051940816102988,0.15000000000000002,0.242514493221179,0.5897472420582774,0.7135043852765598,0.7727326802801051,0.05091249602181571,0.8306661963462829,0.5981423653932709,0.7127040688006988,0.7881861094471304,0.05198897974831718,0.8405838489532471,4.721649046738943
103,0.00029605657219933826,0.15000000000000002,0.23858824810363297,0.5795031191126415,0.6760711505701443,0.8022578792260157,0.055784474100385395,0.8339366163526263,0.5990519951984029,0.7140895510237844,0.7880719975679316,0.051880598068237305,0.8401543940816607,4.708551530043284
104,0.00028700489497897097,0.15000000000000002,0.2395200556550259,0.5968322283610397,0.7206557377931073,0.7764652617357003,0.05065075669969831,0.8397799789905548,0.5991314358451185,0.7139023133872272,0.788437735197262,0.05191828863961356,0.8413570812770299,4.711085697015126
105,0.0002780427683015405,0.15000000000000002,0.24352760764217019,0.5901223429397968,0.705609134808401,0.7828716113118996,0.05215766089303153,0.8349163140569414,0.5987280053183345,0.7116795370384321,0.7904634202960039,0.052214251245771136,0.8421714186668396,4.702125521500905
106,0.0002691738737327848,0.15000000000000002,0.23827041234625013,0.5898526524445259,0.6968995228307042,0.7933916397942247,0.053519150188991005,0.8329853900841304,0.5993151705056295,0.7140153658270832,0.7886179957404027,0.051921936443873815,0.8415771467345101,4.697934905687968
107,0.00026040185453948226,0.15000000000000002,0.23281454471941282,0.5944949221162744,0.7116089303859948,0.7831872121663693,0.05173875263759068,0.8374394697802408,0.599040320332603,0.7133809055127782,0.7889166428299629,0.05198779446738107,0.8403297398771559,4.70842137336731
108,0.00025173031419282684,0.15000000000000002,0.23361408489203095,0.5957548706164012,0.713175721462595,0.7834757159777785,0.05164410386766706,0.8301603436470032,0.598971332452262,0.7135990392581788,0.7885304737403569,0.051946462903703965,0.8398746107305799,4.70613493124644
109,0.00024316281488815373,0.15000000000000002,0.23395977164793733,0.5983263436096995,0.7175694225414574,0.782634693315087,0.05127278736659459,0.8395974125180926,0.5992788654378445,0.7135479449900943,0.7891260290717943,0.05198941911969866,0.8400282442569733,4.692767854531606
110,0.0002347028760816186,0.15000000000000002,0.2382560553855466,0.5975252717314187,0.7339430295623426,0.7627382185099755,0.04885453837258475,0.8341512560844422,0.5989890527832857,0.7119195808007538,0.7906222350510539,0.052207132748195106,0.8401697286537715,4.664965677261352
111,0.0002263539730444358,0.15000000000000002,0.23927529511931248,0.5935801424392203,0.7024190029033425,0.7929957621383884,0.05307211194719587,0.8371937572956085,0.6001283840584763,0.7145410557367459,0.7893841030487505,0.05193414006914411,0.8414369821548462,4.67203426361084
112,0.000218119535435266,0.15000000000000002,0.23491325419312134,0.5923803212020627,0.6965992473677848,0.7983655411395422,0.053877885001046316,0.8392601592200143,0.6005961251862891,0.7148550085983394,0.789809975827119,0.05193933759416853,0.8419962508337838,4.676191937923432
113,0.00021000294589134134,0.15000000000000002,0.23488937795610357,0.5944250547351755,0.7144369509910087,0.779669813111549,0.05130250453948974,0.8332334961209978,0.6004403867648956,0.713838456917044,0.7907844550494831,0.05207747731889997,0.8419162052018302,4.677201060454051
114,0.00020200753863890687,0.15000000000000002,0.2341930442118555,0.5986472467976064,0.7170664717719243,0.7837838542776087,0.0513840879712786,0.834841878925051,0.6008692479151824,0.7154456535739903,0.7895617553203667,0.05188014847891671,0.8417084949357169,4.641322576999665
115,0.00019413659812354868,0.15000000000000002,0.2251731141393346,0.5952110104981391,0.7093536199919395,0.7871893874648208,0.052168481690543035,0.8352355769702366,0.6014643015188516,0.7175918579585817,0.7879852725397405,0.05162170614515032,0.8415778611387525,4.643884531656901
116,0.00018639335766097126,0.15000000000000002,0.23473979955104957,0.6012481100776749,0.7256340060752159,0.7781485387448591,0.05041231427873884,0.8310833990573883,0.6020021233887407,0.7181839721214791,0.7881942240696512,0.05159282343728202,0.8404478584017072,4.658195110162099
117,0.00017878099810877878,0.15000000000000002,0.23559839160818802,0.5985742130385293,0.7187092764510098,0.7817059312963891,0.05113072054726737,0.8360477336815425,0.6028348673944796,0.7195806545398147,0.7879408594718365,0.05147613116673061,0.8407304499830518,4.653564055760701
118,0.00017130264655980607,0.15000000000000002,0.2269345429382826,0.6011901357598939,0.7227481482017593,0.7813968511207307,0.05082488741193499,0.8392016180924007,0.6031812297070153,0.7204249790905933,0.787521290016319,0.051388423783438546,0.8414292446204594,4.688558328151703
119,0.00016396137505753514,0.15000000000000002,0.23167944276019148,0.6011012108565865,0.7264929910334766,0.7769177243932217,0.05027306420462472,0.8389570585318974,0.604040302111187,0.72232585945638,0.7867189567145747,0.051200972284589495,0.8417886027268001,4.675396931171417
120,0.00015676019933412569,0.15000000000000002,0.22905812007480097,0.5996615468902826,0.711064784714377,0.7928543358601687,0.0524174622126988,0.840471396275929,0.6039470610787188,0.7205562389417699,0.7886699438149332,0.05145400251661028,0.842098844051361,4.6727735757827755
121,0.00014970207757157797,0.15000000000000002,0.23196436463666142,0.5966367794080488,0.7089422637472197,0.7901955653008307,0.05239809240613665,0.8344632591520037,0.6040433457230612,0.7198133926019532,0.7897263662343601,0.05157609667096819,0.8420045495033264,4.674979090690613
122,0.00014278990918653676,0.15000000000000002,0.22854280019164983,0.5969935546976546,0.7066735478210663,0.7936637694566187,0.05279702799660819,0.8322277920586723,0.6035441278858149,0.7191566219190173,0.7896636228137974,0.05161909716469901,0.8370023378304072,4.67309232155482
123,0.00013602653363923502,0.15000000000000002,0.2281990431865355,0.5994750881462221,0.7063564902330534,0.798460380790254,0.05313995565686907,0.8374757596424648,0.6039043773235309,0.7200625360482967,0.7891893521082513,0.05152319158826556,0.8380478475775037,4.6631869077682495
124,0.0001294147292670685,0.15000000000000002,0.22706110679677555,0.5967478103707731,0.7020139258105579,0.7991838138783808,0.053517116819109235,0.8295716430459704,0.6033720385640176,0.718612611150876,0.7900255204878278,0.05168184893471854,0.8365896097251347,4.672474936644236
125,0.00012295721214327778,0.15000000000000002,0.22595969060421886,0.6014427418040186,0.7146724837694197,0.7914984693793269,0.05206366947719029,0.837381329706737,0.6032130888758669,0.7181911908343527,0.7902626558406008,0.05172769682747977,0.8345239903245654,4.668366110324859
126,0.00011665663496120852,0.15000000000000002,0.22655066360432402,0.6059555527926304,0.7311623640681213,0.7796658282522754,0.05012869834899902,0.8347040874617441,0.6048137078168668,0.7223931235834268,0.7879513650099215,0.05127640451703753,0.8334469165120806,4.651326640446981
127,0.00011051558594460713,0.15000000000000002,0.22778529464862401,0.6063380139370488,0.7310910537899342,0.7803803497460267,0.05017953259604318,0.8356590671198708,0.6051828613749252,0.7217396932340294,0.7893581652374787,0.05141445909227644,0.834356130872454,4.660277406374614
128,0.00010453658778440106,0.15000000000000002,0.221152657976276,0.6048552913873693,0.7190977264556541,0.7919810720633542,0.051774825368608744,0.8422387642519814,0.6062430103300973,0.7229528695132859,0.7897100645373316,0.05135106359209333,0.838517677783966,4.674017254511515
129,9.872209660239834e-05,0.15000000000000002,0.2304943217482782,0.6028956099776998,0.7185977887869834,0.7892268097854231,0.05163066387176514,0.8408346704074314,0.6055604655372525,0.7208194933064836,0.7911061418708435,0.05159409386771066,0.8407228078160968,4.6934873779614765
130,9.307450094233323e-05,0.15000000000000002,0.22616917468551406,0.604370412905522,0.7257757760513169,0.7832212646001621,0.05073103904724121,0.8325035555022103,0.606157256447839,0.7230633783305895,0.7894327907838753,0.05132518836430141,0.841918397801263,4.678893582026164
131,8.759612078867338e-05,0.15000000000000002,0.22740758749327264,0.6020171557050236,0.7158967780111899,0.7909935514833674,0.05194147654942104,0.8393689274787903,0.6061824422018227,0.723713654192001,0.7887017502371353,0.051231585230146134,0.8415716554437365,4.66691556374232
132,8.228920661358935e-05,0.15000000000000002,0.22967824846282042,0.604313283603158,0.7238645900835373,0.7853627279737989,0.05100405556815011,0.8405248871871404,0.6053368931384734,0.7201040365095331,0.7915873679671218,0.05167677061898368,0.8416636730943408,4.665631568431854
133,7.715593845247993e-05,0.15000000000000002,0.22758839421702506,0.6027498913848348,0.7126361350500415,0.7962910234017018,0.05252858911241804,0.8412175263677325,0.6051969193693617,0.7186829691758826,0.7930713295606133,0.05187602043151855,0.8417005530425481,4.665083408355713
134,7.219842500843187e-05,0.15000000000000002,0.22242727720535788,0.603844711813249,0.7212674346102182,0.7876455451736688,0.05133649962288993,0.8412013930933816,0.6057166279112444,0.7216504570427932,0.790373507380394,0.05148695877620152,0.8416559772832053,4.649075734615326
135,6.741870278598263e-05,0.15000000000000002,0.22387660655536148,0.605146885010901,0.725421544158142,0.7849401155348361,0.05086719989776611,0.8386176458426884,0.6060131056319806,0.7223297305138736,0.7900641373967884,0.05141840662275042,0.8415308381829943,4.649422391255697
136,6.28187352545418e-05,0.15000000000000002,0.2228661901744685,0.6073568739033143,0.7330637726029484,0.7798239909394442,0.050008818081447054,0.835958936384746,0.6059089808046875,0.7227055136970219,0.7894382971348716,0.05135096141270229,0.8413041744913373,4.645351644357046
137,5.8400412041813846e-05,0.15000000000000002,0.2249098003022653,0.6049686051195288,0.7185464712379065,0.7928454242657932,0.05187109538487026,0.8434306204319,0.6062671521078009,0.7232833131316672,0.7893570784576768,0.05130466052464076,0.8418128609657287,4.6592773000399275
138,5.416554815755568e-05,0.15000000000000002,0.22855198165976015,0.6040849370031797,0.7216176779836887,0.7876366335792933,0.051311002458844866,0.8389693404947008,0.6065139189574879,0.7238756041411936,0.7890704583979242,0.051244068145751956,0.8413142425673349,4.648730436960856
139,5.0115883247985855e-05,0.15000000000000002,0.23081031753156417,0.6053482011969907,0.7202958720823494,0.7913750111938318,0.05164914812360491,0.8393900590283531,0.6067354417946242,0.7250754541817088,0.7880233098328068,0.05109137807573591,0.8405936522143228,4.655469222863515
140,4.625308088115245e-05,0.15000000000000002,0.22233250916452335,0.6054018007887181,0.7203980583183837,0.7913432772236165,0.05163975102560861,0.842697216783251,0.6069766564016739,0.7248268358924268,0.7887244277090014,0.051154375076293945,0.8411190024444035,4.700763479868571
141,4.257872786355366e-05,0.15000000000000002,0.22777264663823565,0.6070579176024453,0.7326790194836629,0.7797665365139175,0.050031392914908275,0.8361950865813664,0.6069916905451782,0.723791839723767,0.7899790787642936,0.05130901336669922,0.8415978457246508,4.510165119171143
142,3.909433358829086e-05,0.15000000000000002,0.2222778256226303,0.6049669142567137,0.7204116840785326,0.7905839804020273,0.051589226722717284,0.8418664804526738,0.6072938368528317,0.7244422487878065,0.789716585216143,0.05124591418675014,0.841758885553905,4.499937955538432
143,3.580132941502302e-05,0.15000000000000002,0.22175373516808775,0.6064078158650161,0.7213271857968122,0.7919400642388295,0.05161212853022984,0.842667075565883,0.6073464745184207,0.723773243205526,0.7906023107546859,0.05135081154959542,0.842272846187864,4.5019824385643
144,3.270106808197584e-05,0.15000000000000002,0.22723620403417968,0.6038545373161359,0.7119068271414757,0.7991370823468994,0.05277033873966762,0.8435882074492318,0.606884488871033,0.7220049370209792,0.7919362242835294,0.0515634298324585,0.8422712164265769,4.50774994691213
145,2.9794823150248735e-05,0.15000000000000002,0.22225450223549864,0.6067472135664845,0.7239052550349414,0.789430110060364,0.051265324865068705,0.8389781645366123,0.6076643920376119,0.7243787219711766,0.7904189347761131,0.05129598890032087,0.8422358776841845,4.511838253339132
146,2.70837884806467e-05,0.15000000000000002,0.22388612482332645,0.6079106254558105,0.7281097641510793,0.7864359592541618,0.050775974137442455,0.8444670157773154,0.6077033349662563,0.7242320021374806,0.790659620276239,0.051322003773280556,0.8431574378694807,4.503329861164093
147,2.45690777432522e-05,0.15000000000000002,0.22483016564545774,0.607046154285016,0.7269668162573987,0.7863226443468178,0.050848477227347234,0.8417608422892434,0.6077408863433309,0.7242449707353306,0.7907077283954695,0.05132420744214739,0.8430385564054762,4.517185298601786
148,2.2251723959938887e-05,0.15000000000000002,0.21855075678655078,0.6074629955294574,0.7261822337039077,0.787943830003295,0.05100836413247245,0.8419810448374067,0.6076002812959883,0.7241184584583374,0.7906204962033708,0.051327511242457796,0.8426120144980295,4.5193107644716894
149,2.0132679080015232e-05,0.15000000000000002,0.2229614070819733,0.60724393803002,0.7244166626953449,0.7896626084859824,0.05124422141483852,0.8415084762232644,0.6075005577107495,0.7245056304499987,0.7899908159861541,0.05125922475542341,0.8420494743755885,4.51401729186376
150,1.8212813589171786e-05,0.15000000000000002,0.21967333842601094,0.6069938068548739,0.7194044316464078,0.7952763333266677,0.05196808406284877,0.842962589434215,0.6074069848643595,0.7243675510318508,0.789996757049071,0.05126938138689314,0.842015426499503,4.521059517065684
151,1.6492916151892682e-05,0.15000000000000002,0.22719180807471276,0.6071201083553976,0.723019959503991,0.7911186760645587,0.051437885420663014,0.8425254677023206,0.6075101096923687,0.7241613169768858,0.7904167612165093,0.05131124768938337,0.8423799046448299,4.5108823537826535
152,1.497369328747929e-05,0.15000000000000002,0.22266794552928523,0.6063359364129862,0.723138970370159,0.7896457271730596,0.05133366584777832,0.8410760641098023,0.6076758030170286,0.7248941687095265,0.7898254081003059,0.05122102328709194,0.8423883020877838,4.500388514995575
153,1.3655769079818064e-05,0.15000000000000002,0.22773514589981028,0.607159157825358,0.7247166131546001,0.7891632693930059,0.05119062151227679,0.8419525103909629,0.6079646106122948,0.7259152174383942,0.7891032791479413,0.051102212497166226,0.8422129571437835,4.5107366363207495
154,1.2539684921011898e-05,0.15000000000000002,0.21906100991637187,0.6063450149802208,0.7220860414232753,0.7909205198806801,0.05149151257106236,0.8408111112458365,0.6076224061140214,0.724792439139537,0.7898559828387325,0.05123019559042794,0.8420933306217193,4.507510443528493
155,1.1625899288981162e-05,0.15000000000000002,0.2226667946218548,0.6076104982847705,0.722985758841802,0.7919925919292543,0.05149714265550886,0.8432225900036948,0.6077061789087573,0.7242562855402657,0.790635493764637,0.05131871700286865,0.8424339328493391,4.51120662689209
156,1.0914787559124568e-05,0.15000000000000002,0.22417910260365423,0.6069018114397144,0.7232670017288764,0.7904527698539454,0.05137703418731689,0.8418139474732536,0.6079442354195004,0.7246005214494474,0.7906282485659577,0.051293866974966865,0.8426479186330523,4.503463395436605
157,1.0406641850118302e-05,0.15000000000000002,0.22793416579751144,0.6064516408107907,0.7210941493545441,0.792295948397956,0.05165200914655413,0.8420680250440326,0.6079306781791535,0.7245645893684843,0.790648100410339,0.051297698702131,0.8427577546664646,4.503378160794576
158,1.0101670903916151e-05,0.15000000000000002,0.22400739878079945,0.6081879129047204,0.7269832067334777,0.788220161880923,0.05097003323691232,0.8426148797784533,0.6078488193186454,0.7243868858678578,0.7907212769169998,0.05131503173283168,0.8425934970378876,4.534578176339467
159,1e-05,0.15000000000000002,0.22216671562396495,0.6072071697968029,0.7220323083839272,0.7924528069493626,0.05159510884966169,0.8426937665258135,0.6076335122960084,0.723413087652762,0.7915194804554968,0.0514359780720302,0.8426899313926697,4.527360312143961
